---,BeaconId,Floor,X,Y,TxPowerDbm,AdvIntervalMs,Battery,Alive
F00-A,F00-A,0,12.0,9.5,-59,300,1.0,True
F00-B,F00-B,0,22.0,12.0,-59,300,1.0,True
F01-A,F01-A,1,12.0,9.5,-59,300,1.0,True
F01-B,F01-B,1,22.0,12.0,-59,300,1.0,True
F02-A,F02-A,2,12.0,9.5,-59,300,1.0,True
F02-B,F02-B,2,22.0,12.0,-59,300,1.0,True
F03-A,F03-A,3,12.0,9.5,-59,300,1.0,True
F03-B,F03-B,3,22.0,12.0,-59,300,1.0,True
F04-A,F04-A,4,12.0,9.5,-59,300,1.0,True
F04-B,F04-B,4,22.0,12.0,-59,300,1.0,True
F05-A,F05-A,5,12.0,9.5,-59,300,1.0,True
F05-B,F05-B,5,22.0,12.0,-59,300,1.0,True
F06-A,F06-A,6,12.0,9.5,-59,300,1.0,True
F06-B,F06-B,6,22.0,12.0,-59,300,1.0,True
F07-A,F07-A,7,12.0,9.5,-59,300,1.0,True
F07-B,F07-B,7,22.0,12.0,-59,300,1.0,True
F08-A,F08-A,8,12.0,9.5,-59,300,1.0,True
F08-B,F08-B,8,22.0,12.0,-59,300,1.0,True
F09-A,F09-A,9,12.0,9.5,-59,300,1.0,True
F09-B,F09-B,9,22.0,12.0,-59,300,1.0,True
F10-A,F10-A,10,12.0,9.5,-59,300,1.0,True
F10-B,F10-B,10,22.0,12.0,-59,300,1.0,True
F11-A,F11-A,11,12.0,9.5,-59,300,1.0,True
F11-B,F11-B,11,22.0,12.0,-59,300,1.0,True
F12-A,F12-A,12,12.0,9.5,-59,300,1.0,True
F12-B,F12-B,12,22.0,12.0,-59,300,1.0,True
F13-A,F13-A,13,12.0,9.5,-59,300,1.0,True
F13-B,F13-B,13,22.0,12.0,-59,300,1.0,True
F14-A,F14-A,14,12.0,9.5,-59,300,1.0,True
F14-B,F14-B,14,22.0,12.0,-59,300,1.0,True
F15-A,F15-A,15,12.0,9.5,-59,300,1.0,True
F15-B,F15-B,15,22.0,12.0,-59,300,1.0,True
