---,RouteName,Order,SegmentType,Param
Honest_01,Honest,1,WalkTo,LobbyEntrance
Honest_02,Honest,2,WalkTo,LobbyHoistDoor
Honest_03,Honest,3,BoardHoist,Target
Honest_04,Honest,4,WalkTo,FloorWorkArea
Honest_05,Honest,5,Wander,300
Honest_06,Honest,6,WalkTo,FloorHoistDoor
Honest_07,Honest,7,BoardHoist,0
Honest_08,Honest,8,WalkTo,LobbyEntrance
LobbyCheat_01,LobbyCheat,1,WalkTo,LobbyEntrance
LobbyCheat_02,LobbyCheat,2,WalkTo,LobbyCoffee
LobbyCheat_03,LobbyCheat,3,WaitFor,600
LobbyCheat_04,LobbyCheat,4,WalkTo,LobbyHoistDoor
LobbyCheat_05,LobbyCheat,5,BoardHoist,Target
LobbyCheat_06,LobbyCheat,6,WalkTo,FloorWorkArea
LobbyCheat_07,LobbyCheat,7,Wander,300
FloorHopper_01,FloorHopper,1,WalkTo,LobbyEntrance
FloorHopper_02,FloorHopper,2,WalkTo,LobbyHoistDoor
FloorHopper_03,FloorHopper,3,BoardHoist,Target
FloorHopper_04,FloorHopper,4,WalkTo,FloorStairDoor
FloorHopper_05,FloorHopper,5,TakeStairs,1
FloorHopper_06,FloorHopper,6,Wander,120
FloorHopper_07,FloorHopper,7,WalkTo,FloorStairDoor
FloorHopper_08,FloorHopper,8,TakeStairs,-1
FloorHopper_09,FloorHopper,9,Wander,120
FloorHopper_10,FloorHopper,10,WalkTo,FloorStairDoor
FloorHopper_11,FloorHopper,11,TakeStairs,1
FloorHopper_12,FloorHopper,12,Wander,120
