---,WorkerId,Platform,PhoneState,AppState,RouteName,TargetFloor,StartOffsetSec,Trade
w01,w01,Android,InHand,Foreground,Electrician,12,0,Electrician
w02,w02,iOS,InPocket,Foreground,Electrician,12,15,Electrician
w03,w03,Android,InPocket,Background,Ironworker,14,30,Ironworker
w04,w04,iOS,InPocket,Background,Ironworker,14,45,Ironworker
w05,w05,Android,InHand,Foreground,LobbyCheat,12,5,Labourer
w06,w06,iOS,InPocket,Foreground,LobbyCheat,9,20,Plumber
w07,w07,Android,InPocket,Foreground,Supervisor,11,60,Supervisor
w08,w08,iOS,InHand,Foreground,FloorHopper,13,75,Carpenter
w09,w09,Android,InPocket,Foreground,Plumber,9,10,Plumber
w10,w10,Android,InHand,Foreground,Carpenter,7,25,Carpenter
w11,w11,iOS,InPocket,Foreground,Carpenter,7,40,Carpenter
w12,w12,Android,InPocket,Background,Labourer,5,55,Labourer
w13,w13,iOS,InHand,Foreground,Electrician,3,70,Electrician
w14,w14,Android,InHand,Foreground,LobbyCheat,14,35,Labourer
